Comment,Designator,Footprint,LCSC Part #
0805 10uF 25V X5R,"C1,C2",C_0805_2012Metric,C15850
0603 100nF 50V X7R,"C4,C5,C6,C7,C8,C9,C12,C13,C15,C16",C_0603_1608Metric,C14663
0805 4.7uF 25V X5R,"C10,C14",C_0805_2012Metric,C1779
0603 1uF 50V X5R,C11,C_0603_1608Metric,C15849
KT-0603R red LED,D1,LED_0603_1608Metric,C2286
KT-0603Y yellow LED,D2,LED_0603_1608Metric,C2287
1N4148W SOD-123,D3,D_SOD-123,C81598
SMD1206P050TF/24 resettable fuse,F1,Fuse_1206_3216Metric,C492011
SMD1206P020TF resettable fuse 24V,F2,Fuse_1206_3216Metric,C20984
0603 ferrite bead 600R GZ1608D601TF,FB1,L_0603_1608Metric,C1002
FTSH-107-01-F-DV-K keyed 2x7 1.27 mm header,J3,PinHeader_2x07_P1.27mm_Vertical_SMD,C7465995
AO3401A P-FET SOT-23,Q1,SOT-23,C15127
AO3400A N-FET SOT-23,Q2,SOT-23,C20917
0603 10k 1%,"R1,R7,R8,R9,R13",R_0603_1608Metric,C25804
0603 100k 1%,"R2,R22,R23",R_0603_1608Metric,C25803
0603 47k 1%,R3,R_0603_1608Metric,C25819
0603 4.7k 1%,"R4,R5,R6,R12",R_0603_1608Metric,C23162
0603 1k 1%,"R10,R11,R16,R17,R18,R19,R20,R21",R_0603_1608Metric,C21190
0603 100R 1%,"R14,R15",R_0603_1608Metric,C22775
TL3342F160QG push button,SW1,SW_SPST_TL3342,C2886898
STM32G474RET6 LQFP-64,U1,LQFP-64_10x10mm_P0.5mm,C521608
LDL1117S33R 3.3V LDO SOT-223,U2,SOT-223-3_TabPin2,C435835
"E22-400M22S LoRa module (Ebyte, SX1268)",U3,E22-400M22S,C411291
