Designator,Mid X,Mid Y,Layer,Rotation
C1,123.500mm,-119.500mm,Top,0
C2,134.500mm,-114.000mm,Top,90
C4,137.000mm,-147.000mm,Top,90
C5,142.000mm,-139.000mm,Top,225
C6,154.000mm,-139.000mm,Top,135
C7,142.000mm,-151.000mm,Top,315
C8,154.000mm,-151.000mm,Top,45
C9,139.600mm,-141.300mm,Top,270
C10,145.500mm,-157.000mm,Top,0
C11,150.500mm,-155.200mm,Top,180
C12,150.500mm,-153.400mm,Top,180
C13,156.000mm,-176.000mm,Top,0
C14,186.000mm,-120.000mm,Top,90
C15,139.600mm,-144.300mm,Top,270
D1,140.000mm,-105.000mm,Top,0
D2,146.000mm,-105.000mm,Top,0
D3,141.000mm,-184.000mm,Top,90
F1,118.000mm,-107.500mm,Top,0
F2,133.500mm,-178.000mm,Top,90
FB1,153.200mm,-154.400mm,Top,90
J3,148.000mm,-180.000mm,Top,0
Q1,119.000mm,-113.000mm,Top,180
Q2,137.000mm,-181.000mm,Top,180
R1,119.000mm,-117.500mm,Top,0
R2,119.000mm,-122.000mm,Top,0
R3,123.000mm,-122.000mm,Top,0
R4,135.000mm,-160.000mm,Top,90
R5,137.000mm,-160.000mm,Top,90
R6,139.000mm,-160.000mm,Top,90
R7,133.000mm,-145.000mm,Top,90
R8,133.000mm,-149.000mm,Top,90
R9,164.000mm,-152.000mm,Top,90
R10,140.000mm,-109.000mm,Top,0
R11,146.000mm,-109.000mm,Top,0
R12,137.000mm,-177.000mm,Top,0
R13,145.000mm,-135.500mm,Top,90
R14,114.000mm,-174.000mm,Top,0
R15,114.000mm,-176.200mm,Top,0
R16,185.500mm,-163.620mm,Top,0
R17,185.500mm,-166.160mm,Top,0
R18,185.500mm,-168.700mm,Top,0
R19,185.500mm,-171.240mm,Top,0
R20,185.500mm,-173.780mm,Top,0
R21,185.500mm,-176.320mm,Top,0
R22,166.500mm,-155.000mm,Top,90
R23,168.500mm,-155.000mm,Top,90
SW1,163.000mm,-182.000mm,Top,0
U1,148.000mm,-145.000mm,Top,270
U2,128.000mm,-114.000mm,Top,180
